periodo,fila,ciclo,seccion,codigo,curso,dia_original,inicio_original,fin_original,dia_propuesto,inicio_propuesto,fin_propuesto
2026-1,4,I,MA,100550,FILOSOFÍA Y ÉTICA,Martes,09:40,11:20,Martes,08:00,09:40
2026-1,4,I,MA,100550,FILOSOFÍA Y ÉTICA,Jueves,09:40,11:20,Jueves,08:00,09:40
2026-1,5,I,MA,100553,FUNDAMENTOS DE CÁLCULO,Martes,08:00,09:40,Martes,11:20,13:00
2026-1,5,I,MA,100553,FUNDAMENTOS DE CÁLCULO,Jueves,08:00,09:40,Jueves,11:20,13:00
2026-1,6,I,MA,100551,METODOLOGIA DEL TRABAJO UNIVERSITARIO,Viernes,10:30,13:00,Viernes,08:50,11:20
2026-1,8,I,MA,104849,MATEMATICA,Jueves,08:00,09:40,Viernes,07:10,08:50
2026-1,8,I,MA,104849,MATEMATICA,Viernes,08:00,10:30,Viernes,13:00,15:30
2026-1,9,I,MA,101512,INTRODUCCIÓN A LA INGENIERIA DE SISTEMAS,Martes,11:20,13:00,Martes,13:00,14:40
2026-1,9,I,MA,101512,INTRODUCCIÓN A LA INGENIERIA DE SISTEMAS,Jueves,11:20,13:50,Jueves,13:00,15:30
2026-1,12,I,MB,100550,FILOSOFÍA Y ÉTICA,Martes,08:00,09:40,Martes,09:40,11:20
2026-1,12,I,MB,100550,FILOSOFÍA Y ÉTICA,Jueves,08:00,09:40,Jueves,09:40,11:20
2026-1,13,I,MB,100553,FUNDAMENTOS DE CALCULO,Martes,09:40,11:20,Martes,13:00,14:40
2026-1,13,I,MB,100553,FUNDAMENTOS DE CALCULO,Jueves,09:40,11:20,Jueves,11:20,13:00
2026-1,14,I,MB,100551,METODOLOGIA DEL TRABAJO UNIVERSITARIO,Martes,11:20,13:00,Martes,14:40,16:20
2026-1,16,I,MB,104849,MATEMATICA,Jueves,09:40,11:20,Jueves,13:00,14:40
2026-1,16,I,MB,104849,MATEMATICA,Viernes,08:00,10:30,Sábado,07:10,09:40
2026-1,17,I,MB,101512,INTRODUCCIÓN A LA INGENIERIA DE SISTEMAS,Martes,09:40,11:20,Lunes,09:40,11:20
2026-1,17,I,MB,101512,INTRODUCCIÓN A LA INGENIERIA DE SISTEMAS,Jueves,11:20,13:50,Jueves,14:40,17:10
2026-1,19,I,TC,100550,FILOSOFÍA Y ÉTICA,Jueves,14:40,16:20,Jueves,13:00,14:40
2026-1,20,I,TC,100553,FUNDAMENTOS DE CÁLCULO,Jueves,13:00,14:40,Jueves,16:20,18:00
2026-1,23,I,TC,104849,MATEMATICA,Jueves,13:00,14:40,Viernes,13:00,14:40
2026-1,23,I,TC,104849,MATEMATICA,Viernes,12:10,14:40,Sábado,12:10,14:40
2026-1,24,I,TC,101512,INTRODUCCIÓN A LA INGENIERIA DE SISTEMAS,Jueves,16:20,18:50,Jueves,18:00,20:30
2026-1,27,III,MA,103263,ESTADISTICA,Viernes,09:40,11:20,Viernes,11:20,13:00
2026-1,30,III,MA,100835,FISICA,Viernes,08:00,09:40,Viernes,07:10,08:50
2026-1,32,III,MA,101517,FUNDAMENTOS DE PROGRAMACION II,Martes,11:20,13:00,Martes,13:00,14:40
2026-1,32,III,MA,101517,FUNDAMENTOS DE PROGRAMACION II,Jueves,11:20,13:00,Jueves,13:00,14:40
2026-1,36,III,MB,100561,GEOPOLITICA Y REALIDAD NACIONAL,Jueves,11:20,13:00,Jueves,10:30,12:10
2026-1,38,III,MB,100835,FISICA,Jueves,09:40,11:20,Jueves,13:50,15:30
2026-1,39,III,MB,101516,ECUACIONES DIFERENCIALES,Jueves,09:40,12:10,Jueves,15:30,18:00
2026-1,40,III,MB,101517,FUNDAMENTOS DE PROGRAMACION II,Jueves,08:00,09:40,Sábado,08:00,09:40
2026-1,45,III,MC,100377,METODOLOGIA DE LA INVESTIGACION CIENTIFICA,Jueves,14:40,16:20,Jueves,13:00,14:40
2026-1,47,III,MC,101516,ECUACIONES DIFERENCIALES,Martes,12:10,14:40,Martes,10:30,13:00
2026-1,47,III,MC,101516,ECUACIONES DIFERENCIALES,Jueves,12:10,14:40,Jueves,10:30,13:00
2026-1,48,III,MC,101517,FUNDAMENTOS DE PROGRAMACION II,Jueves,16:20,18:00,Viernes,17:10,18:50
2026-1,51,V,TA,101525,FUNDAMENTO DE BASE DE DATOS,Jueves,16:20,18:00,Jueves,14:40,16:20
2026-1,52,V,TA,101526,INGENIERIA DE PROCESOS DE NEGOCIOS,Jueves,14:40,16:20,Jueves,18:00,19:40
2026-1,53,V,TA,101527,SISTEMAS DIGITALES Y ARQUITECTURA DE COMPUTADORAS,Jueves,13:00,14:40,Viernes,13:00,14:40
2026-1,54,V,TA,101038,SISTEMAS OPERATIVOS,Miércoles,14:40,16:20,Miércoles,18:00,19:40
2026-1,55,V,TA,101528,DINAMICA DE SISTEMAS,Viernes,13:00,15:30,Viernes,14:40,17:10
2026-1,57,V,TB,101523,PROGRAMACION APLICADA II,Martes,16:20,18:00,Martes,14:40,16:20
2026-1,60,V,TB,101527,SISTEMAS DIGITALES Y ARQUITECTURA DE COMPUTADORAS,Martes,14:40,16:20,Martes,13:00,14:40
2026-1,60,V,TB,101527,SISTEMAS DIGITALES Y ARQUITECTURA DE COMPUTADORAS,Miércoles,13:00,14:40,Jueves,13:00,14:40
2026-1,61,V,TB,101038,SISTEMAS OPERATIVOS,Lunes,17:10,18:50,Lunes,18:00,19:40
2026-1,61,V,TB,101038,SISTEMAS OPERATIVOS,Miércoles,14:40,16:20,Miércoles,18:00,19:40
2026-1,64,V,NC,101524,INGENIERIA DE COSTOS Y PRESUPUESTOS,Martes,13:00,14:40,Martes,16:20,18:00
2026-1,65,V,NC,101525,FUNDAMENTO DE BASE DE DATOS,Miércoles,20:30,22:10,Miércoles,18:50,20:30
2026-1,66,V,NC,101526,INGENIERIA DE PROCESOS DE NEGOCIOS,Miércoles,18:50,20:30,Miércoles,17:10,18:50
2026-1,67,V,NC,101527,SISTEMAS DIGITALES Y ARQUITECTURA DE COMPUTADORAS,Miércoles,17:10,18:50,Martes,18:00,19:40
2026-1,67,V,NC,101527,SISTEMAS DIGITALES Y ARQUITECTURA DE COMPUTADORAS,Jueves,17:10,18:50,Jueves,20:30,22:10
2026-1,68,V,NC,101038,SISTEMAS OPERATIVOS,Miércoles,18:50,20:30,Viernes,18:50,20:30
2026-1,69,V,NC,101528,DINAMICA DE SISTEMAS,Viernes,17:10,19:40,Viernes,16:20,18:50
2026-1,70,V,ME,101554,FUNDAMENTOS DE JAVA (Electivo 1.1),Viernes,19:40,22:10,Jueves,17:50,20:20
2026-1,72,V,ME,,CABLEADO ESTRUCTURADO (Electivo 3.1),Viernes,19:40,22:10,Viernes,17:10,19:40
2026-1,73,V,ME,,GESTIÓN DE PROCESOS DE NEGOCIOS - BPM (Electivo 4.1),Viernes,19:40,22:10,Viernes,14:40,17:10
2026-1,74,V,ME,,ELECTRONICA BASICA Y SISTEMAS DIGITALES (Electivo 5.1),Viernes,19:40,22:10,Sábado,17:50,20:20
2026-1,76,VII,NA,101490,INVESTIGACION APLICADA,Miércoles,17:10,18:50,Miércoles,18:50,20:30
2026-1,77,VII,NA,101535,ADMINISTRACION Y GESTION DE BASE DE DATOS,Miércoles,18:50,20:30,Miércoles,20:30,22:10
2026-1,78,VII,NA,101536,PLANEAMIENTO DE RECURSOS EMPRESARIALES,Miércoles,20:30,22:10,Jueves,20:30,22:10
2026-1,79,VII,NA,101537,ARQUITECTURA Y CONECTIVIDAD DE REDES,Miércoles,18:50,20:30,Viernes,18:50,20:30
2026-1,80,VII,NA,101538,INGENIERIA DEL CONOCIMIENTO,Viernes,19:40,22:10,Sábado,19:40,22:10
2026-1,81,VII,NA,104848,SIMULACION DE SISTEMAS,Martes,20:30,22:10,Jueves,18:50,20:30
2026-1,83,VII,NB,101490,INVESTIGACION APLICADA,Martes,17:10,18:50,Martes,18:50,20:30
2026-1,84,VII,NB,101535,ADMINISTRACION Y GESTION DE BASE DE DATOS,Martes,18:50,20:30,Martes,20:30,22:10
2026-1,85,VII,NB,101536,PLANEAMIENTO DE RECURSOS EMPRESARIALES,Martes,20:30,22:10,Lunes,20:30,22:10
2026-1,86,VII,NB,101537,ARQUITECTURA Y CONECTIVIDAD DE REDES,Martes,18:50,20:30,Lunes,18:50,20:30
2026-1,86,VII,NB,101537,ARQUITECTURA Y CONECTIVIDAD DE REDES,Miércoles,18:50,20:30,Jueves,18:50,20:30
2026-1,88,VII,NB,104848,SIMULACION DE SISTEMAS,Lunes,20:30,22:10,Sábado,20:30,22:10
2026-1,88,VII,NB,104848,SIMULACION DE SISTEMAS,Martes,20:30,22:10,Jueves,20:30,22:10
2026-1,89,VII,NC,101534,INGENIERÍA DE SOFTWARE,Martes,17:10,18:50,Martes,18:50,20:30
2026-1,89,VII,NC,101534,INGENIERÍA DE SOFTWARE,Miércoles,17:10,18:50,Miércoles,18:50,20:30
2026-1,90,VII,NC,101490,INVESTIGACION APLICADA,Jueves,17:10,18:50,Jueves,18:00,19:40
2026-1,91,VII,NC,101535,ADMINISTRACION Y GESTION DE BASE DE DATOS,Martes,18:50,20:30,Lunes,18:50,20:30
2026-1,91,VII,NC,101535,ADMINISTRACION Y GESTION DE BASE DE DATOS,Miércoles,18:50,20:30,Miércoles,20:30,22:10
2026-1,93,VII,NC,101537,ARQUITECTURA Y CONECTIVIDAD DE REDES,Martes,18:50,20:30,Lunes,20:30,22:10
2026-1,93,VII,NC,101537,ARQUITECTURA Y CONECTIVIDAD DE REDES,Jueves,18:50,20:30,Viernes,18:50,20:30
2026-1,94,VII,NC,101538,INGENIERIA DEL CONOCIMIENTO,Lunes,19:40,22:10,Sábado,19:40,22:10
2026-1,95,VII,NC,104848,SIMULACION DE SISTEMAS,Miércoles,20:30,22:10,Miércoles,17:10,18:50
2026-1,95,VII,NC,104848,SIMULACION DE SISTEMAS,Jueves,20:30,22:10,Viernes,20:30,22:10
2026-1,97,VII,NE,,Programming with PL/SQL (Electivo 2.3),Sábado,13:00,15:30,Sábado,16:00,18:30
2026-1,98,VII,NE,,Interconectividad WAN (Electivo 3.3),Sábado,10:30,13:00,Sábado,13:00,15:30
2026-1,99,VII,NE,,Gestión de Proyectos y Fundamentos - PMBOOK (Electivo 4.4),Sábado,13:00,15:30,Sábado,18:30,21:00
2026-1,102,IX,NA,101544,EVALUACION DE PROYECTOS DE TI,Martes,17:10,18:50,Martes,16:20,18:00
2026-1,103,IX,NA,101545,TOPICOS ESPECIALES DE BIGDATA,Martes,18:50,20:30,Martes,19:40,21:20
2026-1,104,IX,NA,101546,ARQUITECTURA EMPRESARIAL,Martes,19:40,22:10,Sábado,19:40,22:10
2026-1,105,IX,NA,101547,CIBERSEGURIDAD,Martes,20:30,22:10,Lunes,17:10,18:50
2026-1,107,IX,NB,101543,TALLER DE TESIS II,Martes,18:00,19:40,Martes,20:30,22:10
2026-1,107,IX,NB,101543,TALLER DE TESIS II,Miércoles,18:00,19:40,Miércoles,17:10,18:50
2026-1,108,IX,NB,101544,EVALUACION DE PROYECTOS DE TI,Martes,17:10,18:50,Martes,16:20,18:00
2026-1,109,IX,NB,101545,TOPICOS ESPECIALES DE BIGDATA,Lunes,18:50,20:30,Sábado,18:00,19:40
2026-1,109,IX,NB,101545,TOPICOS ESPECIALES DE BIGDATA,Martes,18:50,20:30,Jueves,17:10,18:50
2026-1,110,IX,NB,101546,ARQUITECTURA EMPRESARIAL,Martes,19:40,22:10,Lunes,19:40,22:10
2026-1,111,IX,NB,101547,CIBERSEGURIDAD,Lunes,20:30,22:10,Sábado,20:30,22:10
2026-1,111,IX,NB,101547,CIBERSEGURIDAD,Martes,20:30,22:10,Jueves,20:30,22:10
2026-1,113,IX,NC,101543,TALLER DE TESIS II,Miércoles,19:40,21:20,Miércoles,18:50,20:30
2026-1,114,IX,NC,101544,EVALUACION DE PROYECTOS DE TI,Miércoles,18:00,19:40,Miércoles,17:10,18:50
2026-1,115,IX,NC,101545,TOPICOS ESPECIALES DE BIGDATA,Martes,20:30,22:10,Martes,18:00,19:40
2026-1,116,IX,NC,101546,ARQUITECTURA EMPRESARIAL,Martes,17:10,19:40,Lunes,16:20,18:50
2026-1,117,IX,NC,101547,CIBERSEGURIDAD,Lunes,18:50,20:30,Sábado,18:50,20:30
2026-1,117,IX,NC,101547,CIBERSEGURIDAD,Martes,18:50,20:30,Miércoles,20:30,22:10
2026-1,118,IX,NC,101548,PRACTICAS PRE-PROFESIONALES I,Sábado,10:30,13:50,Sábado,13:00,16:20
2026-2,5,II,MA,100442,SOCIOLOGIA,Viernes,11:20,13:50,Viernes,12:10,14:40
2026-2,7,II,MA,101514,CALCULO DIFERENCIAL E INTEGRAL,Martes,08:00,09:40,Lunes,08:00,09:40
2026-2,7,II,MA,101514,CALCULO DIFERENCIAL E INTEGRAL,Jueves,08:00,09:40,Miércoles,08:00,09:40
2026-2,8,II,MA,101515,FUNDAMENTOS DE PROGRAMACION I,Martes,09:40,11:20,Martes,13:00,14:40
2026-2,8,II,MA,101515,FUNDAMENTOS DE PROGRAMACION I,Jueves,09:40,11:20,Jueves,13:00,14:40
2026-2,13,II,MB,100442,SOCIOLOGIA,Viernes,11:20,13:50,Viernes,13:50,16:20
2026-2,15,II,MB,101514,CALCULO DIFERENCIAL E INTEGRAL,Martes,09:40,11:20,Martes,13:00,14:40
2026-2,15,II,MB,101514,CALCULO DIFERENCIAL E INTEGRAL,Jueves,09:40,11:20,Jueves,13:00,14:40
2026-2,16,II,MB,101515,FUNDAMENTOS DE PROGRAMACION I,Martes,08:00,09:40,Lunes,08:00,09:40
2026-2,16,II,MB,101515,FUNDAMENTOS DE PROGRAMACION I,Jueves,08:00,09:40,Miércoles,08:00,09:40
2026-2,17,II,TC,100382,INGLES II,Viernes,14:40,16:20,Viernes,16:20,18:00
2026-2,19,II,TC,100556,MEDIO AMBIENTE Y DESARROLLO SOSTENIBLE,Miércoles,11:20,13:00,Miércoles,12:00,13:40
2026-2,21,II,TC,100442,SOCIOLOGIA,Viernes,16:20,18:50,Viernes,18:00,20:30
2026-2,23,II,TC,101514,CALCULO DIFERENCIAL E INTEGRAL,Martes,13:00,14:40,Martes,16:20,18:00
2026-2,23,II,TC,101514,CALCULO DIFERENCIAL E INTEGRAL,Jueves,13:00,14:40,Viernes,13:00,14:40
2026-2,24,II,TC,101515,FUNDAMENTOS DE PROGRAMACION I,Martes,14:40,16:20,Martes,18:00,19:40
2026-2,24,II,TC,101515,FUNDAMENTOS DE PROGRAMACION I,Jueves,14:40,16:20,Jueves,18:00,19:40
2026-2,28,IV,MA,101520,INVESTIGACION OPERATIVA,Miércoles,10:30,13:00,Miércoles,08:00,10:30
2026-2,30,IV,MA,101522,MATEMATICAS DISCRETAS,Miércoles,08:00,10:30,Miércoles,13:00,15:30
2026-2,30,IV,MA,101522,MATEMATICAS DISCRETAS,Viernes,08:00,10:30,Viernes,09:40,12:10
2026-2,31,IV,MB,101518,PROGRAMACION APLICADA I,Viernes,08:00,10:30,Viernes,09:40,12:10
2026-2,33,IV,MB,100155,ESTADISTICA II,Martes,13:00,16:20,Martes,13:50,17:10
2026-2,35,IV,MB,101521,ELECTROMAGNETISMO Y ELECTRONICA BASICA,Viernes,10:30,13:00,Viernes,12:10,14:40
2026-2,39,IV,TC,100155,ESTADISTICA II,Miércoles,17:10,18:50,Miércoles,18:00,19:40
2026-2,40,IV,TC,101520,INVESTIGACION OPERATIVA,Jueves,14:40,17:10,Jueves,12:10,14:40
2026-2,41,IV,TC,101521,ELECTROMAGNETISMO Y ELECTRONICA BASICA,Jueves,12:10,14:40,Miércoles,13:00,15:30
2026-2,42,IV,TC,101522,MATEMATICAS DISCRETAS,Miércoles,13:00,15:30,Lunes,13:00,15:30
2026-2,42,IV,TC,101522,MATEMATICAS DISCRETAS,Viernes,13:00,15:30,Sábado,13:00,15:30
2026-2,44,VI,TA,104850,ADMINISTRACION FINANCIERA,Jueves,14:40,16:20,Jueves,17:10,18:50
2026-2,45,VI,TA,101530,DISEÑO DE BASE DE DATOS,Martes,13:00,15:30,Martes,12:10,14:40
2026-2,46,VI,TA,101531,INGENIERIA DE REQUERIMIENTOS,Jueves,16:20,18:00,Jueves,15:30,17:10
2026-2,47,VI,TA,101532,FUNDAMENTOS DE REDES Y CONECTIVIDAD,Martes,15:30,18:00,Martes,18:00,20:30
2026-2,47,VI,TA,101532,FUNDAMENTOS DE REDES Y CONECTIVIDAD,Jueves,15:30,18:00,Jueves,18:50,21:20
2026-2,48,VI,TA,101533,ARQUITECTURA DE SOFTWARE,Martes,17:10,19:40,Lunes,17:10,19:40
2026-2,48,VI,TA,101533,ARQUITECTURA DE SOFTWARE,Sábado,08:00,11:20,Sábado,12:00,15:20
2026-2,49,VI,NB,101529,PROGRAMACION APLICADA III,Miércoles,13:00,14:40,Miércoles,16:00,17:40
2026-2,49,VI,NB,101529,PROGRAMACION APLICADA III,Viernes,13:00,14:40,Viernes,18:00,19:40
2026-2,51,VI,NB,101530,DISEÑO DE BASE DE DATOS,Miércoles,17:10,19:40,Miércoles,17:40,20:10
2026-2,52,VI,NB,101531,INGENIERIA DE REQUERIMIENTOS,Miércoles,18:50,20:30,Martes,18:50,20:30
2026-2,52,VI,NB,101531,INGENIERIA DE REQUERIMIENTOS,Viernes,18:50,20:30,Viernes,16:20,18:00
2026-2,53,VI,NB,101532,FUNDAMENTOS DE REDES Y CONECTIVIDAD,Martes,19:40,22:10,Lunes,19:40,22:10
2026-2,53,VI,NB,101532,FUNDAMENTOS DE REDES Y CONECTIVIDAD,Jueves,19:40,22:10,Sábado,19:40,22:10
2026-2,57,VI,NC,101530,DISEÑO DE BASE DE DATOS,Jueves,17:10,18:50,Jueves,20:30,22:10
2026-2,57,VI,NC,101530,DISEÑO DE BASE DE DATOS,Sábado,08:00,11:20,Sábado,11:20,14:40
2026-2,58,VI,NC,101531,INGENIERIA DE REQUERIMIENTOS,Jueves,20:30,22:10,Miércoles,20:30,22:10
2026-2,59,VI,NC,101532,FUNDAMENTOS DE REDES Y CONECTIVIDAD,Martes,17:10,19:40,Lunes,17:10,19:40
2026-2,59,VI,NC,101532,FUNDAMENTOS DE REDES Y CONECTIVIDAD,Sábado,11:20,13:50,Sábado,16:00,18:30
2026-2,63,VI,ME,101556,CONFIGURACION DE ROUTERS Y SWITCHES (Electivo 3.2),Sábado,10:30,13:00,Lunes,10:30,13:00
2026-2,64,VI,ME,ELECT-4,ANÁLISIS DE SISTEMAS: RUP Y UML (Electivo 4.2),Sábado,13:00,15:30,Lunes,13:00,15:30
2026-2,65,VI,ME,ELECT-5,PROGRAMACIÓN EN ARDUINO (Electivo 5.2),Sábado,10:30,13:00,Sábado,08:00,10:30
2026-2,68,VIII,NA,101541,TOPICOS ESPECIALES EN INTERNET DE LAS COSAS,Martes,19:40,22:10,Lunes,19:40,22:10
2026-2,68,VIII,NA,101541,TOPICOS ESPECIALES EN INTERNET DE LAS COSAS,Jueves,19:40,22:10,Miércoles,18:00,20:30
2026-2,69,VIII,NA,101270,INTELIGENCIA DE NEGOCIOS,Martes,18:00,19:40,Lunes,18:00,19:40
2026-2,69,VIII,NA,101270,INTELIGENCIA DE NEGOCIOS,Jueves,18:00,19:40,Miércoles,16:20,18:00
2026-2,70,VIII,NA,101542,SEGURIDAD DE REDES Y SISTEMAS DE INFORMACION,Sábado,11:20,13:00,Sábado,16:00,17:40
2026-2,73,VIII,NB,101540,TALLER DE INTEGRACION DE SISTEMAS,Martes,18:00,19:40,Martes,16:20,18:00
2026-2,73,VIII,NB,101540,TALLER DE INTEGRACION DE SISTEMAS,Jueves,18:00,19:40,Jueves,16:20,18:00
2026-2,74,VIII,NB,101541,TOPICOS ESPECIALES EN INTERNET DE LAS COSAS,Miércoles,19:40,22:10,Viernes,18:00,20:30
2026-2,75,VIII,NB,101270,INTELIGENCIA DE NEGOCIOS,Miércoles,18:00,19:40,Miércoles,18:50,20:30
2026-2,76,VIII,NB,101542,SEGURIDAD DE REDES Y SISTEMAS DE INFORMACION,Viernes,19:40,21:20,Viernes,20:30,22:10
2026-2,77,VIII,NB,101052,INTELIGENCIA ARTIFICIAL,Viernes,18:00,19:40,Viernes,16:20,18:00
2026-2,85,X,NA,101550,GERENCIA DE PROYECTOS DE TI,Martes,19:40,21:20,Martes,20:30,22:10
2026-2,89,X,NA,INVEST-X,TRABAJO DE INVESTIGACION,Sábado,11:20,14:40,Sábado,16:00,19:20
2026-2,92,X,NB,101551,FUNDAMENTOS DE BUSINESS ANALYTICS,Martes,18:00,19:40,Martes,16:20,18:00
2026-2,92,X,NB,101551,FUNDAMENTOS DE BUSINESS ANALYTICS,Jueves,18:00,19:40,Jueves,16:20,18:00
2026-2,97,X,NC,101550,GERENCIA DE PROYECTOS DE TI,Jueves,19:40,22:10,Jueves,17:10,19:40
2026-2,98,X,NC,101551,FUNDAMENTOS DE BUSINESS ANALYTICS,Jueves,18:00,19:40,Miércoles,18:00,19:40
2026-2,99,X,NC,101552,TECNOLOGIAS EMERGENTES E INNOVACION TECNOLOGICA,Miércoles,18:00,19:40,Miércoles,16:20,18:00
2026-2,101,X,NC,INVEST-X,TRABAJO DE INVESTIGACION,Sábado,11:20,14:40,Sábado,18:50,22:10
