periodo,ciclo,seccion,dia,fila_curso_1,codigo_curso_1,curso_1,inicio_1,fin_1,fila_curso_2,codigo_curso_2,curso_2,inicio_2,fin_2,minutos_superpuestos
2026-1,I,MA,Viernes,2,100375,INGLÉS I,11:20,13:00,6,100551,METODOLOGIA DEL TRABAJO UNIVERSITARIO,10:30,13:00,100
2026-1,I,MA,Martes,3,100549,LENGUAJE Y COMUNICACIÓN,09:40,11:20,4,100550,FILOSOFÍA Y ÉTICA,09:40,11:20,100
2026-1,I,MA,Jueves,3,100549,LENGUAJE Y COMUNICACIÓN,09:40,11:20,4,100550,FILOSOFÍA Y ÉTICA,09:40,11:20,100
2026-1,I,MA,Jueves,5,100553,FUNDAMENTOS DE CÁLCULO,08:00,09:40,8,104849,MATEMATICA,08:00,09:40,100
2026-1,I,MB,Martes,10,100375,INGLÉS I,08:00,09:40,12,100550,FILOSOFÍA Y ÉTICA,08:00,09:40,100
2026-1,I,MB,Jueves,11,100549,LENGUAJE Y COMUNICACIÓN,08:00,09:40,12,100550,FILOSOFÍA Y ÉTICA,08:00,09:40,100
2026-1,I,MB,Martes,11,100549,LENGUAJE Y COMUNICACIÓN,11:20,13:00,14,100551,METODOLOGIA DEL TRABAJO UNIVERSITARIO,11:20,13:00,100
2026-1,I,MB,Jueves,13,100553,FUNDAMENTOS DE CALCULO,09:40,11:20,16,104849,MATEMATICA,09:40,11:20,100
2026-1,I,MB,Martes,13,100553,FUNDAMENTOS DE CALCULO,09:40,11:20,17,101512,INTRODUCCIÓN A LA INGENIERIA DE SISTEMAS,09:40,11:20,100
2026-1,I,TC,Jueves,18,100549,LENGUAJE Y COMUNICACIÓN,14:40,16:20,19,100550,FILOSOFÍA Y ÉTICA,14:40,16:20,100
2026-1,I,TC,Jueves,20,100553,FUNDAMENTOS DE CÁLCULO,13:00,14:40,23,104849,MATEMATICA,13:00,14:40,100
2026-1,III,MA,Viernes,26,100003,PSICOLOGIA ORGANIZACIONAL,08:50,11:20,27,103263,ESTADISTICA,09:40,11:20,100
2026-1,III,MA,Viernes,26,100003,PSICOLOGIA ORGANIZACIONAL,08:50,11:20,30,100835,FISICA,08:00,09:40,50
2026-1,III,MA,Martes,28,100561,GEOPOLITICA Y REALIDAD NACIONAL,11:20,13:00,32,101517,FUNDAMENTOS DE PROGRAMACION II,11:20,13:00,100
2026-1,III,MA,Jueves,28,100561,GEOPOLITICA Y REALIDAD NACIONAL,11:20,13:00,32,101517,FUNDAMENTOS DE PROGRAMACION II,11:20,13:00,100
2026-1,III,MB,Jueves,33,100387,INGLÉS III,12:10,13:50,36,100561,GEOPOLITICA Y REALIDAD NACIONAL,11:20,13:00,50
2026-1,III,MB,Jueves,36,100561,GEOPOLITICA Y REALIDAD NACIONAL,11:20,13:00,39,101516,ECUACIONES DIFERENCIALES,09:40,12:10,50
2026-1,III,MB,Jueves,37,100377,METODOLOGIA DE LA INVESTIGACION CIENTIFICA,08:00,09:40,40,101517,FUNDAMENTOS DE PROGRAMACION II,08:00,09:40,100
2026-1,III,MB,Jueves,38,100835,FISICA,09:40,11:20,39,101516,ECUACIONES DIFERENCIALES,09:40,12:10,100
2026-1,III,MC,Jueves,43,103263,ESTADISTICA,14:40,16:20,45,100377,METODOLOGIA DE LA INVESTIGACION CIENTIFICA,14:40,16:20,100
2026-1,III,MC,Jueves,44,100561,GEOPOLITICA Y REALIDAD NACIONAL,16:20,18:00,48,101517,FUNDAMENTOS DE PROGRAMACION II,16:20,18:00,100
2026-1,III,MC,Martes,46,100835,FISICA,13:00,14:40,47,101516,ECUACIONES DIFERENCIALES,12:10,14:40,100
2026-1,V,TA,Jueves,49,101523,PROGRAMACION APLICADA II,16:20,18:00,51,101525,FUNDAMENTO DE BASE DE DATOS,16:20,18:00,100
2026-1,V,TA,Jueves,50,101524,INGENIERIA DE COSTOS Y PRESUPUESTOS,13:00,14:40,53,101527,SISTEMAS DIGITALES Y ARQUITECTURA DE COMPUTADORAS,13:00,14:40,100
2026-1,V,TA,Miércoles,52,101526,INGENIERIA DE PROCESOS DE NEGOCIOS,14:40,16:20,54,101038,SISTEMAS OPERATIVOS,14:40,16:20,100
2026-1,V,TB,Lunes,56,101525,FUNDAMENTO DE BASE DE DATOS,16:20,18:00,61,101038,SISTEMAS OPERATIVOS,17:10,18:50,50
2026-1,V,TB,Miércoles,58,101524,INGENIERIA DE COSTOS Y PRESUPUESTOS,13:00,14:40,60,101527,SISTEMAS DIGITALES Y ARQUITECTURA DE COMPUTADORAS,13:00,14:40,100
2026-1,V,TB,Miércoles,59,101526,INGENIERIA DE PROCESOS DE NEGOCIOS,14:40,16:20,61,101038,SISTEMAS OPERATIVOS,14:40,16:20,100
2026-1,V,NC,Miércoles,63,101523,PROGRAMACION APLICADA II,20:30,22:10,65,101525,FUNDAMENTO DE BASE DE DATOS,20:30,22:10,100
2026-1,V,NC,Jueves,64,101524,INGENIERIA DE COSTOS Y PRESUPUESTOS,17:10,18:50,67,101527,SISTEMAS DIGITALES Y ARQUITECTURA DE COMPUTADORAS,17:10,18:50,100
2026-1,V,NC,Miércoles,66,101526,INGENIERIA DE PROCESOS DE NEGOCIOS,18:50,20:30,68,101038,SISTEMAS OPERATIVOS,18:50,20:30,100
2026-1,V,ME,Viernes,70,101554,FUNDAMENTOS DE JAVA (Electivo 1.1),19:40,22:10,71,101555,DATABASE DESIGN (Electivo 2.1),19:40,22:10,150
2026-1,V,ME,Viernes,70,101554,FUNDAMENTOS DE JAVA (Electivo 1.1),19:40,22:10,72,,CABLEADO ESTRUCTURADO (Electivo 3.1),19:40,22:10,150
2026-1,V,ME,Viernes,70,101554,FUNDAMENTOS DE JAVA (Electivo 1.1),19:40,22:10,73,,GESTIÓN DE PROCESOS DE NEGOCIOS - BPM (Electivo 4.1),19:40,22:10,150
2026-1,V,ME,Viernes,70,101554,FUNDAMENTOS DE JAVA (Electivo 1.1),19:40,22:10,74,,ELECTRONICA BASICA Y SISTEMAS DIGITALES (Electivo 5.1),19:40,22:10,150
2026-1,V,ME,Viernes,71,101555,DATABASE DESIGN (Electivo 2.1),19:40,22:10,72,,CABLEADO ESTRUCTURADO (Electivo 3.1),19:40,22:10,150
2026-1,V,ME,Viernes,71,101555,DATABASE DESIGN (Electivo 2.1),19:40,22:10,73,,GESTIÓN DE PROCESOS DE NEGOCIOS - BPM (Electivo 4.1),19:40,22:10,150
2026-1,V,ME,Viernes,71,101555,DATABASE DESIGN (Electivo 2.1),19:40,22:10,74,,ELECTRONICA BASICA Y SISTEMAS DIGITALES (Electivo 5.1),19:40,22:10,150
2026-1,V,ME,Viernes,72,,CABLEADO ESTRUCTURADO (Electivo 3.1),19:40,22:10,73,,GESTIÓN DE PROCESOS DE NEGOCIOS - BPM (Electivo 4.1),19:40,22:10,150
2026-1,V,ME,Viernes,72,,CABLEADO ESTRUCTURADO (Electivo 3.1),19:40,22:10,74,,ELECTRONICA BASICA Y SISTEMAS DIGITALES (Electivo 5.1),19:40,22:10,150
2026-1,V,ME,Viernes,73,,GESTIÓN DE PROCESOS DE NEGOCIOS - BPM (Electivo 4.1),19:40,22:10,74,,ELECTRONICA BASICA Y SISTEMAS DIGITALES (Electivo 5.1),19:40,22:10,150
2026-1,VII,NA,Miércoles,75,101534,INGENIERÍA DE SOFTWARE,17:10,18:50,76,101490,INVESTIGACION APLICADA,17:10,18:50,100
2026-1,VII,NA,Miércoles,77,101535,ADMINISTRACION Y GESTION DE BASE DE DATOS,18:50,20:30,79,101537,ARQUITECTURA Y CONECTIVIDAD DE REDES,18:50,20:30,100
2026-1,VII,NA,Martes,78,101536,PLANEAMIENTO DE RECURSOS EMPRESARIALES,20:30,22:10,81,104848,SIMULACION DE SISTEMAS,20:30,22:10,100
2026-1,VII,NB,Martes,82,101534,INGENIERÍA DE SOFTWARE,17:10,18:50,83,101490,INVESTIGACION APLICADA,17:10,18:50,100
2026-1,VII,NB,Martes,84,101535,ADMINISTRACION Y GESTION DE BASE DE DATOS,18:50,20:30,86,101537,ARQUITECTURA Y CONECTIVIDAD DE REDES,18:50,20:30,100
2026-1,VII,NB,Miércoles,84,101535,ADMINISTRACION Y GESTION DE BASE DE DATOS,18:50,20:30,86,101537,ARQUITECTURA Y CONECTIVIDAD DE REDES,18:50,20:30,100
2026-1,VII,NB,Martes,85,101536,PLANEAMIENTO DE RECURSOS EMPRESARIALES,20:30,22:10,88,104848,SIMULACION DE SISTEMAS,20:30,22:10,100
2026-1,VII,NC,Martes,89,101534,INGENIERÍA DE SOFTWARE,17:10,18:50,90,101490,INVESTIGACION APLICADA,17:10,18:50,100
2026-1,VII,NC,Martes,91,101535,ADMINISTRACION Y GESTION DE BASE DE DATOS,18:50,20:30,93,101537,ARQUITECTURA Y CONECTIVIDAD DE REDES,18:50,20:30,100
2026-1,VII,NC,Jueves,92,101536,PLANEAMIENTO DE RECURSOS EMPRESARIALES,20:30,22:10,95,104848,SIMULACION DE SISTEMAS,20:30,22:10,100
2026-1,VII,NE,Sábado,96,,Desarrollo de aplicaciones empresariales Web (Electivo 1.3),10:30,13:00,98,,Interconectividad WAN (Electivo 3.3),10:30,13:00,150
2026-1,VII,NE,Sábado,97,,Programming with PL/SQL (Electivo 2.3),13:00,15:30,99,,Gestión de Proyectos y Fundamentos - PMBOOK (Electivo 4.4),13:00,15:30,150
2026-1,IX,NA,Martes,101,101543,TALLER DE TESIS II,18:00,19:40,102,101544,EVALUACION DE PROYECTOS DE TI,17:10,18:50,50
2026-1,IX,NA,Martes,101,101543,TALLER DE TESIS II,18:00,19:40,103,101545,TOPICOS ESPECIALES DE BIGDATA,18:50,20:30,50
2026-1,IX,NA,Martes,103,101545,TOPICOS ESPECIALES DE BIGDATA,18:50,20:30,104,101546,ARQUITECTURA EMPRESARIAL,19:40,22:10,50
2026-1,IX,NA,Martes,104,101546,ARQUITECTURA EMPRESARIAL,19:40,22:10,105,101547,CIBERSEGURIDAD,20:30,22:10,100
2026-1,IX,NB,Martes,107,101543,TALLER DE TESIS II,18:00,19:40,108,101544,EVALUACION DE PROYECTOS DE TI,17:10,18:50,50
2026-1,IX,NB,Martes,107,101543,TALLER DE TESIS II,18:00,19:40,109,101545,TOPICOS ESPECIALES DE BIGDATA,18:50,20:30,50
2026-1,IX,NB,Martes,109,101545,TOPICOS ESPECIALES DE BIGDATA,18:50,20:30,110,101546,ARQUITECTURA EMPRESARIAL,19:40,22:10,50
2026-1,IX,NB,Martes,110,101546,ARQUITECTURA EMPRESARIAL,19:40,22:10,111,101547,CIBERSEGURIDAD,20:30,22:10,100
2026-1,IX,NC,Martes,113,101543,TALLER DE TESIS II,19:40,21:20,115,101545,TOPICOS ESPECIALES DE BIGDATA,20:30,22:10,50
2026-1,IX,NC,Martes,113,101543,TALLER DE TESIS II,19:40,21:20,117,101547,CIBERSEGURIDAD,18:50,20:30,50
2026-1,IX,NC,Martes,116,101546,ARQUITECTURA EMPRESARIAL,17:10,19:40,117,101547,CIBERSEGURIDAD,18:50,20:30,50
2026-2,II,MA,Viernes,1,100382,INGLES II,10:30,12:10,5,100442,SOCIOLOGIA,11:20,13:50,50
2026-2,II,MA,Martes,2,100555,LIDERAZGO Y DESARROLLO PERSONAL,08:00,09:40,7,101514,CALCULO DIFERENCIAL E INTEGRAL,08:00,09:40,100
2026-2,II,MA,Jueves,2,100555,LIDERAZGO Y DESARROLLO PERSONAL,08:00,09:40,7,101514,CALCULO DIFERENCIAL E INTEGRAL,08:00,09:40,100
2026-2,II,MA,Martes,6,101513,TEORIA DE SISTEMAS,09:40,11:20,8,101515,FUNDAMENTOS DE PROGRAMACION I,09:40,11:20,100
2026-2,II,MA,Jueves,6,101513,TEORIA DE SISTEMAS,09:40,11:20,8,101515,FUNDAMENTOS DE PROGRAMACION I,09:40,11:20,100
2026-2,II,MB,Viernes,9,100382,INGLES II,12:10,13:50,13,100442,SOCIOLOGIA,11:20,13:50,100
2026-2,II,MB,Martes,10,100555,LIDERAZGO Y DESARROLLO PERSONAL,08:00,09:40,16,101515,FUNDAMENTOS DE PROGRAMACION I,08:00,09:40,100
2026-2,II,MB,Jueves,10,100555,LIDERAZGO Y DESARROLLO PERSONAL,08:00,09:40,16,101515,FUNDAMENTOS DE PROGRAMACION I,08:00,09:40,100
2026-2,II,MB,Martes,14,101513,TEORIA DE SISTEMAS,09:40,11:20,15,101514,CALCULO DIFERENCIAL E INTEGRAL,09:40,11:20,100
2026-2,II,MB,Jueves,14,101513,TEORIA DE SISTEMAS,09:40,11:20,15,101514,CALCULO DIFERENCIAL E INTEGRAL,09:40,11:20,100
2026-2,II,TC,Martes,18,100555,LIDERAZGO Y DESARROLLO PERSONAL,13:00,14:40,23,101514,CALCULO DIFERENCIAL E INTEGRAL,13:00,14:40,100
2026-2,II,TC,Jueves,18,100555,LIDERAZGO Y DESARROLLO PERSONAL,13:00,14:40,23,101514,CALCULO DIFERENCIAL E INTEGRAL,13:00,14:40,100
2026-2,II,TC,Martes,22,101513,TEORIA DE SISTEMAS,14:40,16:20,24,101515,FUNDAMENTOS DE PROGRAMACION I,14:40,16:20,100
2026-2,II,TC,Jueves,22,101513,TEORIA DE SISTEMAS,14:40,16:20,24,101515,FUNDAMENTOS DE PROGRAMACION I,14:40,16:20,100
2026-2,IV,MA,Viernes,25,101518,PROGRAMACION APLICADA I,08:00,09:40,30,101522,MATEMATICAS DISCRETAS,08:00,10:30,100
2026-2,IV,MA,Miércoles,27,100155,ESTADISTICA II,10:30,13:00,28,101520,INVESTIGACION OPERATIVA,10:30,13:00,150
2026-2,IV,TC,Miércoles,38,101519,GESTION CONTABLE,15:30,18:00,39,100155,ESTADISTICA II,17:10,18:50,50
2026-2,IV,TC,Jueves,38,101519,GESTION CONTABLE,14:40,16:20,40,101520,INVESTIGACION OPERATIVA,14:40,17:10,100
2026-2,IV,TC,Jueves,39,100155,ESTADISTICA II,16:20,18:00,40,101520,INVESTIGACION OPERATIVA,14:40,17:10,50
2026-2,VI,TA,Martes,44,104850,ADMINISTRACION FINANCIERA,14:40,16:20,45,101530,DISEÑO DE BASE DE DATOS,13:00,15:30,50
2026-2,VI,TA,Jueves,44,104850,ADMINISTRACION FINANCIERA,14:40,16:20,45,101530,DISEÑO DE BASE DE DATOS,13:00,15:30,50
2026-2,VI,TA,Martes,44,104850,ADMINISTRACION FINANCIERA,14:40,16:20,47,101532,FUNDAMENTOS DE REDES Y CONECTIVIDAD,15:30,18:00,50
2026-2,VI,TA,Jueves,44,104850,ADMINISTRACION FINANCIERA,14:40,16:20,47,101532,FUNDAMENTOS DE REDES Y CONECTIVIDAD,15:30,18:00,50
2026-2,VI,TA,Martes,46,101531,INGENIERIA DE REQUERIMIENTOS,16:20,18:00,47,101532,FUNDAMENTOS DE REDES Y CONECTIVIDAD,15:30,18:00,100
2026-2,VI,TA,Jueves,46,101531,INGENIERIA DE REQUERIMIENTOS,16:20,18:00,47,101532,FUNDAMENTOS DE REDES Y CONECTIVIDAD,15:30,18:00,100
2026-2,VI,TA,Martes,46,101531,INGENIERIA DE REQUERIMIENTOS,16:20,18:00,48,101533,ARQUITECTURA DE SOFTWARE,17:10,19:40,50
2026-2,VI,TA,Martes,47,101532,FUNDAMENTOS DE REDES Y CONECTIVIDAD,15:30,18:00,48,101533,ARQUITECTURA DE SOFTWARE,17:10,19:40,50
2026-2,VI,NB,Miércoles,51,101530,DISEÑO DE BASE DE DATOS,17:10,19:40,52,101531,INGENIERIA DE REQUERIMIENTOS,18:50,20:30,50
2026-2,VI,NC,Sábado,55,101529,PROGRAMACION APLICADA III,08:00,11:20,57,101530,DISEÑO DE BASE DE DATOS,08:00,11:20,200
2026-2,VI,NC,Martes,56,104850,ADMINISTRACION FINANCIERA,18:50,20:30,59,101532,FUNDAMENTOS DE REDES Y CONECTIVIDAD,17:10,19:40,50
2026-2,VI,NC,Jueves,57,101530,DISEÑO DE BASE DE DATOS,17:10,18:50,60,101533,ARQUITECTURA DE SOFTWARE,17:10,18:50,100
2026-2,VI,NC,Martes,59,101532,FUNDAMENTOS DE REDES Y CONECTIVIDAD,17:10,19:40,60,101533,ARQUITECTURA DE SOFTWARE,17:10,18:50,100
2026-2,VI,ME,Sábado,61,101559,PROGRAMACION AVANZADA JAVA (Electivo 1.2),10:30,13:00,63,101556,CONFIGURACION DE ROUTERS Y SWITCHES (Electivo 3.2),10:30,13:00,150
2026-2,VI,ME,Sábado,61,101559,PROGRAMACION AVANZADA JAVA (Electivo 1.2),10:30,13:00,65,ELECT-5,PROGRAMACIÓN EN ARDUINO (Electivo 5.2),10:30,13:00,150
2026-2,VI,ME,Sábado,62,101560,PROGRAMMING WITH SQL (Electivo 2.2),13:50,16:20,64,ELECT-4,ANÁLISIS DE SISTEMAS: RUP Y UML (Electivo 4.2),13:00,15:30,100
2026-2,VI,ME,Sábado,63,101556,CONFIGURACION DE ROUTERS Y SWITCHES (Electivo 3.2),10:30,13:00,65,ELECT-5,PROGRAMACIÓN EN ARDUINO (Electivo 5.2),10:30,13:00,150
2026-2,VIII,NA,Martes,66,101539,TALLER DE TESIS I,19:40,21:20,68,101541,TOPICOS ESPECIALES EN INTERNET DE LAS COSAS,19:40,22:10,100
2026-2,VIII,NA,Jueves,66,101539,TALLER DE TESIS I,19:40,21:20,68,101541,TOPICOS ESPECIALES EN INTERNET DE LAS COSAS,19:40,22:10,100
2026-2,VIII,NA,Martes,67,101540,TALLER DE INTEGRACION DE SISTEMAS,18:00,19:40,69,101270,INTELIGENCIA DE NEGOCIOS,18:00,19:40,100
2026-2,VIII,NA,Jueves,67,101540,TALLER DE INTEGRACION DE SISTEMAS,18:00,19:40,69,101270,INTELIGENCIA DE NEGOCIOS,18:00,19:40,100
2026-2,X,NC,Jueves,96,101548,AUDITORIA DE SISTEMAS DE INFORMACION,19:40,21:20,97,101550,GERENCIA DE PROYECTOS DE TI,19:40,22:10,100
